Workbook
Name coa: #REF!
Name daredeath: #REF!
Name debet: #REF!
Name GOAL: '[1]2. NERACA LAJUR '!$A:$A
Name KK: [2]ALL!$Z$1:$Z$65536
Name kredit: #REF!
Name Mar: #REF!
Name maret: #REF!
Name NERACAlAJUR_AKUN: '[3]2. NERACA LAJUR '!$A:$A
Name neracalajur_awal_kredit: '[3]2. NERACA LAJUR '!$C:$C
Name NERACALAJUR_SALDOAKHIR_DEBET: '[3]2. NERACA LAJUR '!$L:$L
Name NERACALAJUR_SALDOAKHIR_KREDIT: '[3]2. NERACA LAJUR '!$M:$M
Name Nercalajur_awal_debet: '[3]2. NERACA LAJUR '!$B:$B
Name PR: [2]ALL!$U$1:$U$65536
Name tes: #REF!
Name tess: #REF!
Name TGL: [2]ALL!$D$1:$D$65536

Sheet PIVOT 1
A3: Row Labels | B3: Sum of TOTAL PAX | C3: Sum of TOTAL PRICE
A4: May | B4: 2447 | C4: 242253000
A5: QRIS | B5: 323 | C5: 31977000
A6: WALK-IN | B6: 2124 | C6: 210276000
A7: Jun | B7: 4414 | C7: 439434000
A8: DRAGON PASS | B8: 48 | C8: 7200000
A9: QRIS | B9: 705 | C9: 69795000
A10: WALK-IN | B10: 3661 | C10: 362439000
A11: Jul | B11: 3948 | C11: 462832000
A12: BJB | B12: 27 | C12: 3510000
A13: DRAGON PASS | B13: 89 | C13: 13350000
A14: HSBC | B14: 58 | C14: 7540000
A15: QRIS | B15: 488 | C15: 56586000
... A26: Grand Total | B26: 14056 | C26: 1538632340

Sheet pivot
B3: Row Labels | C3: Sum of TOTAL PAX | D3: Sum of TOTAL PRICE
B4: MAY | C4: 2447 | D4: 242253000
B5: QRIS | C5: 323 | D5: 31977000
B6: WALK-IN | C6: 2124 | D6: 210276000
B7: JUNE | C7: 4414 | D7: 439434000
B8: DRAGON PASS | C8: 48 | D8: 7200000
B9: QRIS | C9: 705 | D9: 69795000
B10: WALK-IN | C10: 3661 | D10: 362439000
B11: JULY | C11: 3947 | D11: 462702000
B12: BJB | C12: 27 | D12: 3510000
B13: DRAGON PASS | C13: 89 | D13: 13350000
B14: HSBC | C14: 57 | D14: 7410000
B15: QRIS | C15: 488 | D15: 56586000
... B37: Grand Total | C37: 17313 | D37: 1948732340

Sheet RESUME
A1: LAPORAN KEUANGAN RT 14 PERIODE JUNI 2026
A3: SUKAMANAH 2 | B3: ITEM | C3: TAHUN 2026 | O3: TOTAL
C4: JANUARI | D4: FEBRUARI | E4: MARET | F4: APRIL | G4: MEI | H4: JUNI | I4: JULI | J4: AGUSTUS | K4: SEPTEMBER | L4: OKTOBER | M4: NOVEMBER | N4: DESEMBER
A5: RT 14 RW 12 | B5: a.IURAN WAJIB WARGA | C5: =JANUARI!D16 -> 6670000 | D5: =FEB!D16 -> 7200000 | E5: =MAR!D16 -> 8430000 | F5: =APR!D16 -> 6375000 | G5: =MEI!D16 -> 6810000 | H5: =JUNI!E19 -> 7150000 | I5: =JULI!E19 -> 0 | J5: =AGUSTUS!E19 -> 0 | K5: =SEPTEMBER!D16 -> 0 | L5: =OKTOBER!E19 -> 0 | M5: =NOVEMBER!E19 -> 0 | N5: =DESEMBER!D16 -> 0 | O5: =SUM(C5:N5) -> 42635000
B6: b.COST
B7: -KEBERSIHAN DAN KEAMANAN | C7: =JANUARI!F20 -> 1484000 | D7: =FEB!F20 -> 1456000 | E7: =MAR!F20 -> 1484000 | F7: =APR!F20 -> 1456000 | G7: =MEI!F20 -> 1428000 | H7: =JUNI!F20 -> 1428000 | I7: =JULI!F20 -> 0 | J7: =AGUSTUS!F20 -> 0 | K7: =SEPTEMBER!F20 -> 0 | L7: =OKTOBER!F20 -> 0 | M7: =NOVEMBER!F20 -> 0 | N7: =DESEMBER!F20 -> 0 | O7: =SUM(C7:N7) -> 8736000
B8: -KAS AIR | C8: =JANUARI!F21 -> 1980000 | D8: =FEB!F21 -> 1950000 | E8: =MAR!F21 -> 1980000 | F8: =APR!F21 -> 1950000 | G8: =MEI!F21 -> 1920000 | H8: =JUNI!F21 -> 1920000 | I8: =JULI!F21 -> 0 | J8: =AGUSTUS!F21 -> 0 | K8: =SEPTEMBER!F21 -> 0 | L8: =OKTOBER!F21 -> 0 | M8: =NOVEMBER!F21 -> 0 | N8: =DESEMBER!F21 -> 0 | O8: =SUM(C8:N8) -> 11700000
B9: -KAS SOSIAL | C9: =JANUARI!F22 -> 660000 | D9: =FEB!F22 -> 650000 | E9: =MAR!F22 -> 660000 | F9: =APR!F22 -> 650000 | G9: =MEI!F22 -> 640000 | H9: =JUNI!F22 -> 640000 | I9: =JULI!F22 -> 0 | J9: =AGUSTUS!F22 -> 0 | K9: =SEPTEMBER!F22 -> 0 | L9: =OKTOBER!F22 -> 0 | M9: =NOVEMBER!F22 -> 0 | N9: =DESEMBER!F22 -> 0 | O9: =SUM(C9:N9) -> 3900000
B10: -RUKEM | C10: =JANUARI!F23 -> 372000 | D10: =FEB!F23 -> 372000 | E10: =MAR!F23 -> 372000 | F10: =APR!F23 -> 372000 | G10: =MEI!F23 -> 366000 | H10: =JUNI!F23 -> 366000 | I10: =JULI!F23 -> 0 | J10: =AGUSTUS!F23 -> 0 | K10: =SEPTEMBER!F23 -> 0 | L10: =OKTOBER!F23 -> 0 | M10: =NOVEMBER!F23 -> 0 | N10: =DESEMBER!F23 -> 0 | O10: =SUM(C10:N10) -> 2220000
B11: -MT AL-MUSTAQIMIN | C11: =JANUARI!F24 -> 300000 | D11: =FEB!F24 -> 295000 | E11: =MAR!F24 -> 300000 | F11: =APR!F24 -> 300000 | G11: =MEI!F24 -> 295000 | H11: =JUNI!F24 -> 295000 | I11: =JULI!F24 -> 0 | J11: =AGUSTUS!F24 -> 0 | K11: =SEPTEMBER!F24 -> 0 | L11: =OKTOBER!F24 -> 0 | M11: =NOVEMBER!F24 -> 0 | N11: =DESEMBER!F24 -> 0 | O11: =SUM(C11:N11) -> 1785000
B12: -MT NURUSSHOLIHAT | C12: =JANUARI!F25 -> 300000 | D12: =FEB!F25 -> 295000 | E12: =MAR!F25 -> 300000 | F12: =APR!F25 -> 300000 | G12: =MEI!F25 -> 295000 | H12: =JUNI!F25 -> 295000 | I12: =JULI!F25 -> 0 | J12: =AGUSTUS!F25 -> 0 | K12: =SEPTEMBER!F25 -> 0 | L12: =OKTOBER!F25 -> 0 | M12: =NOVEMBER!F25 -> 0 | N12: =DESEMBER!F25 -> 0 | O12: =SUM(C12:N12) -> 1785000
B13: -KAS OLAHRAGA | C13: =JANUARI!F26 -> 198000 | D13: =FEB!F26 -> 195000 | E13: =MAR!F26 -> 198000 | F13: =APR!F26 -> 195000 | G13: =MEI!F26 -> 192000 | H13: =JUNI!F26 -> 192000 | I13: =JULI!F26 -> 0 | J13: =AGUSTUS!F26 -> 0 | K13: =SEPTEMBER!F26 -> 0 | L13: =OKTOBER!F26 -> 0 | M13: =NOVEMBER!F26 -> 0 | N13: =DESEMBER!F26 -> 0 | O13: =SUM(C13:N13) -> 1170000
B14: -KR TARUNA | C14: =JANUARI!F27 -> 198000 | D14: =FEB!F27 -> 195000 | E14: =MAR!F27 -> 198000 | F14: =APR!F27 -> 195000 | G14: =MEI!F27 -> 192000 | H14: =JUNI!F27 -> 192000 | I14: =JULI!F27 -> 0 | J14: =AGUSTUS!F27 -> 0 | K14: =SEPTEMBER!F27 -> 0 | L14: =OKTOBER!F27 -> 0 | M14: =NOVEMBER!F27 -> 0 | N14: =DESEMBER!F27 -> 0 | O14: =SUM(C14:N14) -> 1170000
B15: -KAS PERANGKAT | C15: =JANUARI!F28 -> 262000 | D15: =FEB!F28 -> 261000 | E15: =MAR!F28 -> 262000 | F15: =APR!F28 -> 261000 | G15: =MEI!F28 -> 260000 | H15: =JUNI!F28 -> 260000 | I15: =JULI!F28 -> 0 | J15: =AGUSTUS!F28 -> 0 | K15: =SEPTEMBER!F28 -> 0 | L15: =OKTOBER!F28 -> 0 | M15: =NOVEMBER!F28 -> 0 | N15: =DESEMBER!F28 -> 0 | O15: =SUM(C15:N15) -> 1566000
B16: -DANA PEMBANGUNAN | C16: =JANUARI!F29 -> 250000 | D16: =FEB!F29 -> 250000 | E16: =MAR!F29 -> 250000 | F16: =APR!F29 -> 250000 | G16: =MEI!F29 -> 250000 | H16: =JUNI!F29 -> 250000 | I16: =JULI!F29 -> 0 | J16: =AGUSTUS!F29 -> 0 | K16: =SEPTEMBER!F29 -> 0 | L16: =OKTOBER!F29 -> 0 | M16: =NOVEMBER!F29 -> 0 | N16: =DESEMBER!F29 -> 0 | O16: =SUM(C16:N16) -> 1500000
B17: -OPERASIONAL RT | C17: =JANUARI!F30 -> 250000 | D17: =FEB!F30 -> 250000 | E17: =MAR!F30 -> 250000 | F17: =APR!F30 -> 250000 | G17: =MEI!F30 -> 250000 | H17: =JUNI!F30 -> 250000 | I17: =JULI!F30 -> 0 | J17: =AGUSTUS!F30 -> 0 | K17: =SEPTEMBER!F30 -> 0 | L17: =OKTOBER!F30 -> 0 | M17: =NOVEMBER!F30 -> 250000 | N17: =DESEMBER!F30 -> 0 | O17: =SUM(C17:N17) -> 1750000
B18: c.TOTAL COST | C18: =SUM(C7:C17) -> 6254000 | D18: =FEB!F31 -> 6169000 | E18: =MAR!F31 -> 6254000 | F18: =APR!F31 -> 6179000 | G18: =MEI!F31 -> 6088000 | H18: =JUNI!F31 -> 6088000 | I18: =SUM(I7:I17) -> 0 | J18: =SUM(J7:J17) -> 0 | K18: =SUM(K7:K17) -> 0 | L18: =SUM(L7:L17) -> 0 | M18: =SUM(M7:M17) -> 250000 | N18: =DESEMBER!F31 -> 0 | O18: =SUM(C18:N18) -> 37282000
A19: KAS UMUM RT 14 | C19: =C5-C18 -> 416000 | D19: =D5-D18 -> 1031000 | E19: =E5-E18 -> 2176000 | F19: =F5-F18 -> 196000 | G19: =G5-G18 -> 722000 | H19: =H5-H18 -> 1062000 | I19: =I5-I18 -> 0 | J19: =J5-J18 -> 0 | ... N19: =N5-N18 -> 0 | O19: =SUM(C19:N19) -> 5353000
C20: SISA ALOKASI | D20: SISA ALOKASI | E20: SISA ALOKASI | F20: SISA ALOKASI | G20: SISA ALOKASI | H20: SISA ALOKASI | I20: SISA ALOKASI | J20: SISA ALOKASI | K20: SISA ALOKASI | L20: SISA ALOKASI | M20: SISA ALOKASI | N20: SISA ALOKASI | O20: SISA ALOKASI

Sheet JANUARI
C3: LAPORAN KEUANGAN UMUM RT.014
C4: PERIODE JANUARI 2026
A6: JUMLAH WARGA : 66 KK
A7: RUKEM :62 KK
A8: MUSLIM : 60 KK
A9: NON MUSLIM : 6 KK (2 IKUT RUKEM)
A11: NO | B11: NAMA HUMAS | C11: TANGGAL | D11: JUMLAH IURAN WAJIB
A12: 1 | B12: FAHRUL | C12: 46037 | D12: 2050000
A13: 2 | B13: WAHONO | C13: 46037 | D13: 1415000
A14: 3 | B14: UUD | C14: 46037 | D14: 2215000
A15: 4 | B15: ANDI | C15: 46037 | D15: 990000
A16: TOTAL | D16: =SUM(D12:D15) -> 6670000
A18: NO | B18: TANGGAL | C18: TRANSAKSI | D18: JUMLAH IURAN | E18: MASUK | F18: KELUAR | G18: KETERANGAN
A19: 1 | B19: 46053 | C19: IURAN WAJIB WARGA | E19: =D16 -> 6670000
A20: 2 | C20: KEBERSIHAN & KEAMANAN | D20: 28000 | F20: =D20*53 -> 1484000 | G20: 53X28.000
A21: 5 | C21: KAS AIR | D21: 30000 | F21: =D21*66 -> 1980000 | G21: 66X30.000
A22: 4 | C22: KAS SOSIAL | D22: 10000 | F22: =D22*66 -> 660000 | G22: 66X10.000
A23: 3 | C23: RUKEM | D23: 5000 | F23: =D23*62+62000 -> 372000 | G23: 62X5.000+62.000
A24: 6 | C24: KAS MT Al-MUSTAQIMIN | D24: 5000 | F24: =D24*60 -> 300000 | G24: 60X5.000
A25: 7 | C25: KAS MT NURUSHOLIHAH | D25: 5000 | F25: =D25*60 -> 300000 | G25: 60X5.000
A26: 8 | C26: KAS OLAHRAGA | D26: 3000 | F26: =D26*66 -> 198000 | G26: 66X3.000
A27: 9 | C27: KAS KARANG TARUNA | D27: 3000 | F27: =D27*66 -> 198000 | G27: 66X3.000
A28: 10 | C28: KAS PERANGKAT | D28: 28000 | F28: =D28*7+66000 -> 262000 | G28: (28.000X7)+66.000
A29: 11 | C29: DANA PEMBANGUNAN | D29: 5000 | F29: =D29*50 -> 250000 | G29: 50X5.000
A30: 12 | C30: OPERASIONAL RT | F30: 250000 | G30: 250000
A31: 13 | C31: KAS UMUM | E31: =SUM(E19) -> 6670000 | F31: =SUM(F20:F30) -> 6254000 | G31: =E31-F31 -> 416000
A32: Catatan : Total Kas Sosial 660.000 | C32: Total Rukem : 372.000
B33: - Anak Yatim : 100.000 | C33: '-Rukem : 310.000
B34: - Kas Sosial : 560.000 | C34: '-Ambulance : 62.000
B36: Dilaporkan Oleh | C36: Disusun Oleh | D36: Diketahui Oleh | F36: Disetujui Oleh
B37: Ketua Humas | C37: Sekretaris | D37: Bendahara | F37: Ketua RT.014
B41: UUD | C41: Ardi | D41: Rambat Iryanto | F41: Sujianto

Sheet FEB
C3: LAPORAN KEUANGAN UMUM RT.014
C4: PERIODE FEBRUARI 2026
A6: JUMLAH WARGA : 65 KK
A7: RUKEM :62 KK
A8: MUSLIM : 59 KK (1 TIDAK IKUT RUKEM)
A9: NON MUSLIM : 6 KK (2 IKUT RUKEM)
A11: NO | B11: NAMA HUMAS | C11: TANGGAL | D11: JUMLAH IURAN WAJIB
A12: 1 | B12: FAHRUL | C12: 45703 | D12: 1550000
A13: 2 | B13: WAHONO | C13: 45703 | D13: 2510000
A14: 3 | B14: UUD | C14: 45703 | D14: 2215000
A15: 4 | B15: ANDI | C15: 45703 | D15: 925000
A16: TOTAL | D16: =SUM(D12:D15) -> 7200000
A18: NO | B18: TANGGAL | C18: TRANSAKSI | D18: JUMLAH IURAN | E18: MASUK | F18: KELUAR | G18: KETERANGAN
A19: 1 | B19: 45704 | C19: IURAN WAJIB WARGA | E19: =D16 -> 7200000
A20: 2 | C20: KEBERSIHAN & KEAMANAN | D20: 28000 | F20: =D20*52 -> 1456000 | G20: 52X28.000
A21: 5 | C21: KAS AIR | D21: 30000 | F21: =D21*65 -> 1950000 | G21: 65X30.000
A22: 4 | C22: KAS SOSIAL | D22: 10000 | F22: =D22*65 -> 650000 | G22: 65X10.000
A23: 3 | C23: RUKEM | D23: 5000 | F23: =D23*62+62000 -> 372000 | G23: 62X5.000
A24: 6 | C24: KAS MT Al-MUSTAQIMIN | D24: 5000 | F24: =D24*59 -> 295000 | G24: 59X5000
A25: 7 | C25: KAS MT NURUSHOLIHAH | D25: 5000 | F25: =D25*59 -> 295000 | G25: 59X5000
A26: 8 | C26: KAS OLAHRAGA | D26: 3000 | F26: =D26*65 -> 195000 | G26: 65X3.000
A27: 9 | C27: KAS KARANG TARUNA | D27: 3000 | F27: =D27*65 -> 195000 | G27: 65X3.000
A28: 10 | C28: KAS PERANGKAT | D28: 28000 | F28: =D28*7+65000 -> 261000 | G28: (28.000X7)+65.000
A29: 11 | C29: DANA PEMBANGUNAN | D29: 5000 | F29: =D29*50 -> 250000 | G29: 50X5.000
A30: 12 | C30: OPERASIONAL RT | F30: =G30 -> 250000 | G30: 250000
A31: 13 | C31: KAS UMUM | E31: =SUM(E19) -> 7200000 | F31: =SUM(F20:F30) -> 6169000 | G31: =E31-F31 -> 1031000
A32: Catatan : Total Kas Sosial 650.000 | C32: Total Rukem : 372.000
B33: - Anak Yatim : 100.000 | C33: '-Rukem : 310:000
B34: - Kas Sosial : 550.000 | C34: '-Ambulance : 62.000
B36: Dilaporkan Oleh | C36: Disusun Oleh | D36: Diketahui Oleh | F36: Disetujui Oleh
B37: Ketua Humas | C37: Sekretaris | D37: Bendahara | F37: Ketua RT.014
B41: UUD | C41: Ardi | D41: Rambat Iryanto | F41: Sujianto

Sheet MAR
C3: LAPORAN KEUANGAN UMUM RT.014
C4: PERIODE MARET 2026
A6: JUMLAH WARGA : 66 KK
A7: RUKEM :62 KK
A8: MUSLIM : 60 KK
A9: NON MUSLIM : 6 KK (2 IKUT RUKEM)
A11: NO | B11: NAMA HUMAS | C11: TANGGAL | D11: JUMLAH IURAN WAJIB
A12: 1 | B12: FAHRUL | C12: 45731 | D12: 1665000
A13: 2 | B13: WAHONO | C13: 45731 | D13: 3305000
A14: 3 | B14: UUD | C14: 45731 | D14: 2330000
A15: 4 | B15: ANDI | C15: 45731 | D15: 1130000
A16: TOTAL | D16: =SUM(D12:D15) -> 8430000
A18: NO | B18: TANGGAL | C18: TRANSAKSI | D18: JUMLAH IURAN | E18: MASUK | F18: KELUAR | G18: KETERANGAN
A19: 1 | B19: 45732 | C19: IURAN WAJIB WARGA | E19: =D16 -> 8430000
A20: 2 | C20: KEBERSIHAN & KEAMANAN | D20: 28000 | F20: 1484000 | G20: 53X28.000
A21: 5 | C21: KAS AIR | D21: 30000 | F21: 1980000 | G21: 66X30.000
A22: 4 | C22: KAS SOSIAL | D22: 10000 | F22: 660000 | G22: 66X10.000
A23: 3 | C23: RUKEM | D23: 6000 | F23: 372000 | G23: 62X6.000
A24: 6 | C24: KAS MT Al-MUSTAQIMIN | D24: 5000 | F24: 300000 | G24: 60X5000
A25: 7 | C25: KAS MT NURUSHOLIHAH | D25: 5000 | F25: 300000 | G25: 60X5000
A26: 8 | C26: KAS OLAHRAGA | D26: 3000 | F26: 198000 | G26: 66X3.000
A27: 9 | C27: KAS KARANG TARUNA | D27: 3000 | F27: 198000 | G27: 66X3.000
A28: 10 | C28: KAS PERANGKAT | D28: 28000 | F28: 262000 | G28: (28.000X7)+66.000
A29: 11 | C29: DANA PEMBANGUNAN | D29: 5000 | F29: 250000 | G29: 50X5.000
A30: 12 | C30: OPERASIONAL RT | F30: 250000 | G30: 250000
A31: 13 | C31: KAS UMUM | E31: =SUM(E19) -> 8430000 | F31: =SUM(F20:F30) -> 6254000 | G31: =E31-F31 -> 2176000
A32: Catatan : Total Kas Sosial 660.000 | C32: Total Rukem : 372.000
B33: - Anak Yatim : 100.000 | C33: '-Rukem : 310:000
B34: - Kas Sosial : 560.000 | C34: '-Ambulance : 62.000
B36: Dilaporkan Oleh | C36: Disusun Oleh | D36: Diketahui Oleh | F36: Disetujui Oleh
B37: Ketua Humas | C37: Sekretaris | D37: Bendahara | F37: Ketua RT.014
B41: UUD | C41: Ardi | D41: Rambat Iryanto | F41: Sujianto

Sheet APR
C3: LAPORAN KEUANGAN UMUM RT.014
C4: PERIODE APRIL 2025
A6: JUMLAH WARGA : 65 KK
A7: RUKEM :62 KK
A8: MUSLIM : 60 KK
A9: NON MUSLIM : 5 KK (2 IKUT RUKEM)
A11: NO | B11: NAMA HUMAS | C11: TANGGAL | D11: JUMLAH IURAN WAJIB
A12: 1 | B12: FAHRUL | C12: 45762 | D12: 1965000
A13: 2 | B13: WAHONO | C13: 45762 | D13: 1400000
A14: 3 | B14: UUD | C14: 45762 | D14: 2215000
A15: 4 | B15: ANDI | C15: 45762 | D15: 795000
A16: TOTAL | D16: =SUM(D12:D15) -> 6375000
A18: NO | B18: TANGGAL | C18: TRANSAKSI | D18: JUMLAH IURAN | E18: MASUK | F18: KELUAR | G18: KETERANGAN
A19: 1 | B19: 45763 | C19: IURAN WAJIB WARGA | E19: =D16 -> 6375000
A20: 2 | C20: KEBERSIHAN & KEAMANAN | D20: 28000 | F20: =D20*52 -> 1456000 | G20: 52X28.000
A21: 5 | C21: KAS AIR | D21: 30000 | F21: =D21*65 -> 1950000 | G21: 65X30.000
A22: 4 | C22: KAS SOSIAL | D22: 10000 | F22: =D22*65 -> 650000 | G22: 65X10.000
A23: 3 | C23: RUKEM | D23: 5000 | F23: =D23*62+62000 -> 372000 | G23: 62X5.000
A24: 6 | C24: KAS MT Al-MUSTAQIMIN | D24: 5000 | F24: =D24*60 -> 300000 | G24: 60X5000
A25: 7 | C25: KAS MT NURUSHOLIHAH | D25: 5000 | F25: =D25*60 -> 300000 | G25: 60X5000
A26: 8 | C26: KAS OLAHRAGA | D26: 3000 | F26: =D26*65 -> 195000 | G26: 65X3.000
A27: 9 | C27: KAS KARANG TARUNA | D27: 3000 | F27: =D27*65 -> 195000 | G27: 65X3.000
A28: 10 | C28: KAS PERANGKAT | D28: 28000 | F28: =D28*7+65000 -> 261000 | G28: (28.000X7)+65.000
A29: 11 | C29: DANA PEMBANGUNAN | D29: 5000 | F29: =D29*50 -> 250000 | G29: 50X5.000
A30: 12 | C30: OPERASIONAL RT | F30: =G30 -> 250000 | G30: 250000
A31: 13 | C31: KAS UMUM | E31: =SUM(E19) -> 6375000 | F31: =SUM(F20:F30) -> 6179000 | G31: =E31-F31 -> 196000
A32: Catatan : Total Kas Sosial 660.000 | C32: Total Rukem : 372.000
B33: - Anak Yatim : 100.000 | C33: '-Rukem : 310:000
B34: - Kas Sosial : 560.000 | C34: '-Ambulance : 62.000
B36: Dilaporkan Oleh | C36: Disusun Oleh | D36: Diketahui Oleh | F36: Disetujui Oleh
B37: Ketua Humas | C37: Sekretaris | D37: Bendahara | F37: Ketua RT.014
B41: UUD | C41: Ardi | D41: Rambat Iryanto | F41: Sujianto

Sheet MEI
C3: LAPORAN KEUANGAN UMUM RT.014
C4: PERIODE MEI 2025
A6: JUMLAH WARGA : 64 KK
A7: RUKEM :61 KK
A8: MUSLIM : 59 KK
A9: NON MUSLIM : 5 KK (2 IKUT RUKEM)
A11: NO | B11: NAMA HUMAS | C11: TANGGAL | D11: JUMLAH IURAN WAJIB
A12: 1 | B12: FAHRUL | C12: 45792 | D12: 1565000
A13: 2 | B13: WAHONO | C13: 45792 | D13: 2120000
A14: 3 | B14: UUD | C14: 45792 | D14: 2215000
A15: 4 | B15: ANDI | C15: 45792 | D15: 910000
A16: TOTAL | D16: =SUM(D12:D15) -> 6810000
A18: NO | B18: TANGGAL | C18: TRANSAKSI | D18: JUMLAH IURAN | E18: MASUK | F18: KELUAR | G18: KETERANGAN
A19: 1 | B19: 45793 | C19: IURAN WAJIB WARGA | E19: =D16 -> 6810000
A20: 2 | C20: KEBERSIHAN & KEAMANAN | D20: 28000 | F20: =D20*51 -> 1428000 | G20: 51X28.000
A21: 5 | C21: KAS AIR | D21: 30000 | F21: =D21*64 -> 1920000 | G21: 64X30.000
A22: 4 | C22: KAS SOSIAL | D22: 10000 | F22: =D22*64 -> 640000 | G22: 64X10.000
A23: 3 | C23: RUKEM | D23: 6000 | F23: =D23*61 -> 366000 | G23: 61X6.000
A24: 6 | C24: KAS MT Al-MUSTAQIMIN | D24: 5000 | F24: =D24*59 -> 295000 | G24: 59X5000
A25: 7 | C25: KAS MT NURUSHOLIHAH | D25: 5000 | F25: =D25*59 -> 295000 | G25: 59X5000
A26: 8 | C26: KAS OLAHRAGA | D26: 3000 | F26: =D26*64 -> 192000 | G26: 64X3.000
A27: 9 | C27: KAS KARANG TARUNA | D27: 3000 | F27: =D27*64 -> 192000 | G27: 64X3.000
A28: 10 | C28: KAS PERANGKAT | D28: 28000 | F28: =D28*7+64000 -> 260000 | G28: (28.000X7)+64.000
A29: 11 | C29: DANA PEMBANGUNAN | D29: 5000 | F29: =D29*50 -> 250000 | G29: 50X5.000
A30: 12 | C30: OPERASIONAL RT | F30: =MEI!G30 -> 250000 | G30: 250000
A31: 13 | C31: KAS UMUM | E31: =SUM(E19) -> 6810000 | F31: =SUM(F20:F30) -> 6088000 | G31: =E31-F31 -> 722000
A32: Catatan : Total Kas Sosial 640.000 | C32: Total Rukem : 336.000
B33: - Anak Yatim : 100.000 | C33: '-Rukem : 280:000
B34: - Kas Sosial : 540.000 | C34: '-Ambulance : 56.000
B36: Dilaporkan Oleh | C36: Disusun Oleh | D36: Diketahui Oleh | F36: Disetujui Oleh
B37: Ketua Humas | C37: Sekretaris | D37: Bendahara | F37: Ketua RT.014
B41: UUD | C41: Ardi | D41: Rambat Iryanto | F41: Sujianto

Sheet JUNI
C3: LAPORAN KEUANGAN UMUM RT.014
C4: PERIODE JUNI 2025
A6: JUMLAH WARGA : 64 KK
A7: RUKEM :61 KK
A8: MUSLIM : 59 KK
A9: NON MUSLIM : 5 KK (2 IKUT RUKEM)
A11: NO | B11: NAMA HUMAS | C11: TANGGAL | D11: JUMLAH IURAN WAJIB
A12: 1 | B12: FAHRUL | C12: 45823 | D12: 1335000
A13: 2 | B13: WAHONO | C13: 45823 | D13: 2930000
A14: 3 | B14: UUD | C14: 45823 | D14: 1975000
A15: 4 | B15: ANDI | C15: 45823 | D15: 910000
A16: TOTAL | D16: =SUM(D12:D15) -> 7150000
A18: NO | B18: TANGGAL | C18: TRANSAKSI | D18: JUMLAH IURAN | E18: MASUK | F18: KELUAR | G18: KETERANGAN
A19: 1 | B19: 45824 | C19: IURAN WAJIB WARGA | E19: =D16 -> 7150000
A20: 2 | C20: KEBERSIHAN & KEAMANAN | D20: 28000 | F20: =D20*51 -> 1428000 | G20: 51X28.000
A21: 5 | C21: KAS AIR | D21: 30000 | F21: =D21*64 -> 1920000 | G21: 64X30.000
A22: 4 | C22: KAS SOSIAL | D22: 10000 | F22: =D22*64 -> 640000 | G22: 64X10.000
A23: 3 | C23: RUKEM | D23: 6000 | F23: =D23*61 -> 366000 | G23: 61X6.000
A24: 6 | C24: KAS MT Al-MUSTAQIMIN | D24: 5000 | F24: =D24*59 -> 295000 | G24: 59X5000
A25: 7 | C25: KAS MT NURUSHOLIHAH | D25: 5000 | F25: =D25*59 -> 295000 | G25: 59X5000
A26: 8 | C26: KAS OLAHRAGA | D26: 3000 | F26: =D26*64 -> 192000 | G26: 64X3.000
A27: 9 | C27: KAS KARANG TARUNA | D27: 3000 | F27: =D27*64 -> 192000 | G27: 64X3.000
A28: 10 | C28: KAS PERANGKAT | D28: 28000 | F28: =D28*7+64000 -> 260000 | G28: (28.000X7)+64.000
A29: 11 | C29: DANA PEMBANGUNAN | D29: 5000 | F29: =D29*50 -> 250000 | G29: 50X5.000
A30: 12 | C30: OPERASIONAL RT | F30: =G30 -> 250000 | G30: 250000
A31: 13 | C31: KAS UMUM | E31: =SUM(E19) -> 7150000 | F31: =SUM(F20:F30) -> 6088000 | G31: =E31-F31 -> 1062000
A32: Catatan : Total Kas Sosial 640.000 | C32: Total Rukem : 336.000
B33: - Anak Yatim : 100.000 | C33: '-Rukem : 280:000
B34: - Kas Sosial : 540.000 | C34: '-Ambulance : 56.000
B36: Dilaporkan Oleh | C36: Disusun Oleh | D36: Diketahui Oleh | F36: Disetujui Oleh
B37: Ketua Humas | C37: Sekretaris | D37: Bendahara | F37: Ketua RT.014
B41: UUD | C41: Ardi | D41: Rambat Iryanto | F41: Sujianto

Sheet JULI
C3: LAPORAN KEUANGAN UMUM RT.014
C4: PERIODE JULI 2025
A6: JUMLAH WARGA : 64 KK
A7: RUKEM :57 KK
A8: MUSLIM : 57 KK (1 TIDAK IKUT RUKEM)
A9: NON MUSLIM : 7 KK (2 IKUT RUKEM)
A11: NO | B11: NAMA HUMAS | C11: TANGGAL | D11: JUMLAH IURAN WAJIB
A12: 1 | B12: FAHRUL | C12: 45853
A13: 2 | B13: WAHONO | C13: 45853
A14: 3 | B14: UUD | C14: 45853
A15: 4 | B15: ANDI | C15: 45853
A16: TOTAL | D16: =SUM(D12:D15) -> 0
A18: NO | B18: TANGGAL | C18: TRANSAKSI | D18: JUMLAH IURAN | E18: MASUK | F18: KELUAR | G18: KETERANGAN
A19: 1 | B19: 45854 | C19: IURAN WAJIB WARGA | E19: =D16 -> 0
A20: 2 | C20: KEBERSIHAN & KEAMANAN | D20: 28000 | G20: 51X28.000
A21: 5 | C21: KAS AIR | D21: 30000 | G21: 64X30.000
A22: 4 | C22: KAS SOSIAL | D22: 10000 | G22: 64X10.000
A23: 3 | C23: RUKEM | D23: 6000 | G23: 57X6.000
A24: 6 | C24: KAS MT Al-MUSTAQIMIN | D24: 5000 | G24: 57X5000
A25: 7 | C25: KAS MT NURUSHOLIHAH | D25: 5000 | G25: 57X5000
A26: 8 | C26: KAS OLAHRAGA | D26: 3000 | G26: 64X3.000
A27: 9 | C27: KAS KARANG TARUNA | D27: 3000 | G27: 64X3.000
A28: 10 | C28: KAS PERANGKAT | D28: 28000 | G28: (28.000X7)+64.000
A29: 11 | C29: DANA PEMBANGUNAN | D29: 5000 | G29: 49X5.000
A30: 12 | C30: OPERASIONAL RT | G30: 250000
A31: 13 | C31: KAS UMUM | E31: =SUM(E19) -> 0 | F31: =SUM(F20:F30) -> 0 | G31: =E31-F31 -> 0
A32: Catatan : Total Kas Sosial 640.000 | C32: Total Rukem : 336.000
B33: - Anak Yatim : 100.000 | C33: '-Rukem : 280:000
B34: - Kas Sosial : 540.000 | C34: '-Ambulance : 56.000
B36: Dilaporkan Oleh | C36: Disusun Oleh | D36: Diketahui Oleh | F36: Disetujui Oleh
B37: Ketua Humas | C37: Sekretaris | D37: Bendahara | F37: Ketua RT.014
B41: UUD | C41: Ardi | D41: Rambat Iryanto | F41: Sujianto

Sheet AGUSTUS
C3: LAPORAN KEUANGAN UMUM RT.014
C4: PERIODE AGUSTUS 2025
A6: JUMLAH WARGA : 65 KK
A7: RUKEM :59 KK
A8: MUSLIM : 58 KK (1 TIDAK IKUT RUKEM)
A9: NON MUSLIM : 7 KK (2 IKUT RUKEM)
A11: NO | B11: NAMA HUMAS | C11: TANGGAL | D11: JUMLAH IURAN WAJIB
A12: 1 | B12: FAHRUL | C12: 45884
A13: 2 | B13: WAHONO | C13: 45884
A14: 3 | B14: UUD | C14: 45884
A15: 4 | B15: ANDI | C15: 45884
A16: TOTAL | D16: =SUM(D12:D15) -> 0
A18: NO | B18: TANGGAL | C18: TRANSAKSI | D18: JUMLAH IURAN | E18: MASUK | F18: KELUAR | G18: KETERANGAN
A19: 1 | B19: 45900 | C19: IURAN WAJIB WARGA | E19: =D16 -> 0
A20: 2 | C20: KEBERSIHAN & KEAMANAN | D20: 28000 | G20: 52X28.000
A21: 5 | C21: KAS AIR | D21: 30000 | G21: 65X30.000
A22: 4 | C22: KAS SOSIAL | D22: 10000 | G22: 65X10.000
A23: 3 | C23: RUKEM | D23: 6000 | G23: 59X6.000
A24: 6 | C24: KAS MT Al-MUSTAQIMIN | D24: 5000 | G24: 58X5000
A25: 7 | C25: KAS MT NURUSHOLIHAH | D25: 5000 | G25: 58X5000
A26: 8 | C26: KAS OLAHRAGA | D26: 3000 | G26: 65X3.000
A27: 9 | C27: KAS KARANG TARUNA | D27: 3000 | G27: 65X3.000
A28: 10 | C28: KAS PERANGKAT | D28: 28000 | G28: (28.000X7)+65.000
A29: 11 | C29: DANA PEMBANGUNAN | D29: 5000 | G29: 49X5.000
A30: 12 | C30: OPERASIONAL RT | G30: 250000
A31: 13 | C31: KAS UMUM | E31: =SUM(E19) -> 0 | F31: =SUM(F20:F30) -> 0 | G31: =E31-F31 -> 0
A32: Catatan : Total Kas Sosial 640.000 | C32: Total Rukem : 336.000 | D32: Rukem bapak Anwar | G32: 50000
B33: - Anak Yatim : 100.000 | C33: '-Rukem : 280:000 | D33: SISA | G33: =G31-G32 -> -50000
B34: - Kas Sosial : 540.000 | C34: '-Ambulance : 56.000
B36: Dilaporkan Oleh | C36: Disusun Oleh | D36: Diketahui Oleh | F36: Disetujui Oleh
B37: Ketua Humas | C37: Sekretaris | D37: Bendahara | F37: Ketua RT.014
B41: UUD | C41: Ardi | D41: Rambat Iryanto | F41: Sujianto

Sheet SEPTEMBER
C3: LAPORAN KEUANGAN UMUM RT.014
C4: PERIODE SEPTEMBER 2025
A6: JUMLAH WARGA : 64 KK
A7: RUKEM :59 KK
A8: MUSLIM : 57 KK
A9: NON MUSLIM : 7 KK (2 IKUT RUKEM)
A11: NO | B11: NAMA HUMAS | C11: TANGGAL | D11: JUMLAH IURAN WAJIB
A12: 1 | B12: FAHRUL | C12: 45915
A13: 2 | B13: WAHONO | C13: 45915
A14: 3 | B14: UUD | C14: 45915
A15: 4 | B15: ANDI | C15: 45915
A16: TOTAL | D16: =SUM(D12:D15) -> 0
A18: NO | B18: TANGGAL | C18: TRANSAKSI | D18: JUMLAH IURAN | E18: MASUK | F18: KELUAR | G18: KETERANGAN
A19: 1 | B19: 9/31/2025 | C19: IURAN WAJIB WARGA | E19: =D16 -> 0
A20: 2 | C20: KEBERSIHAN & KEAMANAN | D20: 28000 | G20: 51X28.000
A21: 5 | C21: KAS AIR | D21: 30000 | G21: 64X30.000
A22: 4 | C22: KAS SOSIAL | D22: 10000 | G22: 64X10.000
A23: 3 | C23: RUKEM | D23: 5000 | G23: 59X5.000
A24: 6 | C24: KAS MT Al-MUSTAQIMIN | D24: 5000 | G24: 57X5.000
A25: 7 | C25: KAS MT NURUSHOLIHAH | D25: 5000 | G25: 57X5.000
A26: 8 | C26: KAS OLAHRAGA | D26: 3000 | G26: 64X3.000
A27: 9 | C27: KAS KARANG TARUNA | D27: 3000 | G27: 64X3.000
A28: 10 | C28: KAS PERANGKAT | D28: 28000 | G28: (28.000X7)+64.000
A29: 11 | C29: DANA PEMBANGUNAN | D29: 5000 | G29: 49X5.000
A30: 12 | C30: OPERASIONAL RT | G30: 250000
A31: 13 | C31: KAS UMUM | E31: =SUM(E19) -> 0 | F31: =SUM(F20:F30) -> 0 | G31: =E31-F31 -> 0
B33: Dilaporkan Oleh | C33: Disusun Oleh | D33: Diketahui Oleh | F33: Disetujui Oleh
B34: Ketua Humas | C34: Sekretaris | D34: Bendahara | F34: Ketua RT.014
B38: UUD | C38: Ardi | D38: Rambat Iryanto | F38: Sujianto

Sheet OKTOBER
C3: LAPORAN KEUANGAN UMUM RT.014
C4: PERIODE OKTOBER 2025
A6: JUMLAH WARGA : 64 KK
A7: RUKEM :60 KK
A8: MUSLIM : 58 KK
A9: NON MUSLIM : 6 KK (2 IKUT RUKEM)
A11: NO | B11: NAMA HUMAS | C11: TANGGAL | D11: JUMLAH IURAN WAJIB
A12: 1 | B12: FAHRUL | C12: 45945
A13: 2 | B13: WAHONO | C13: 45945
A14: 3 | B14: UUD | C14: 45945
A15: 4 | B15: ANDI | C15: 45945
A16: TOTAL | D16: =SUM(D12:D15) -> 0
A18: NO | B18: TANGGAL | C18: TRANSAKSI | D18: JUMLAH IURAN | E18: MASUK | F18: KELUAR | G18: KETERANGAN
A19: 1 | B19: 45961 | C19: IURAN WAJIB WARGA | E19: =D16 -> 0
A20: 2 | C20: KEBERSIHAN & KEAMANAN | D20: 28000 | G20: 51X28.000
A21: 5 | C21: KAS AIR | D21: 30000 | G21: 64X30.000
A22: 4 | C22: KAS SOSIAL | D22: 10000 | G22: 64X10.000
A23: 3 | C23: RUKEM | D23: 5000 | G23: 60X5.000
A24: 6 | C24: KAS MT Al-MUSTAQIMIN | D24: 5000 | G24: 58X5.000
A25: 7 | C25: KAS MT NURUSHOLIHAH | D25: 5000 | G25: 58X5.000
A26: 8 | C26: KAS OLAHRAGA | D26: 3000 | G26: 64X3.000
A27: 9 | C27: KAS KARANG TARUNA | D27: 3000 | G27: 64X3.000
A28: 10 | C28: KAS PERANGKAT | D28: 28000 | G28: (28.000X7)+64.000
A29: 11 | C29: DANA PEMBANGUNAN | D29: 5000 | G29: 49X5.000
A30: 12 | C30: OPERASIONAL RT | G30: 250000
A31: 13 | C31: KAS UMUM | E31: =SUM(E19) -> 0 | F31: =SUM(F20:F30) -> 0 | G31: =E31-F31 -> 0
B33: Dilaporkan Oleh | C33: Disusun Oleh | D33: Diketahui Oleh | F33: Disetujui Oleh
B34: Ketua Humas | C34: Sekretaris | D34: Bendahara | F34: Ketua RT.014
B38: UUD | C38: Ardi | D38: Rambat Iryanto | F38: Sujianto

Sheet NOVEMBER
C3: LAPORAN KEUANGAN UMUM RT.014
C4: PERIODE NOVEMBER 2025
A6: JUMLAH WARGA : 64 KK
A7: RUKEM :60 KK
A8: MUSLIM : 58 KK
A9: NON MUSLIM : 6 KK (2 IKUT RUKEM)
A11: NO | B11: NAMA HUMAS | C11: TANGGAL | D11: JUMLAH IURAN WAJIB
A12: 1 | B12: FAHRUL | C12: 45976
A13: 2 | B13: WAHONO | C13: 45976
A14: 3 | B14: UUD | C14: 45976
A15: 4 | B15: ANDI | C15: 45976
A16: TOTAL | D16: =SUM(D12:D15) -> 0
A18: NO | B18: TANGGAL | C18: TRANSAKSI | D18: JUMLAH IURAN | E18: MASUK | F18: KELUAR | G18: KETERANGAN
A19: 1 | B19: 11/31/2025 | C19: IURAN WAJIB WARGA | E19: =D16 -> 0
A20: 2 | C20: KEBERSIHAN & KEAMANAN | D20: 28000 | G20: 51X28.000
A21: 5 | C21: KAS AIR | D21: 30000 | G21: 64X30.000
A22: 4 | C22: KAS SOSIAL | D22: 10000 | G22: 64X10.000
A23: 3 | C23: RUKEM | D23: 5000 | G23: 60X5.000
A24: 6 | C24: KAS MT Al-MUSTAQIMIN | D24: 5000 | G24: 58X5.000
A25: 7 | C25: KAS MT NURUSHOLIHAH | D25: 5000 | G25: 58X5.000
A26: 8 | C26: KAS OLAHRAGA | D26: 3000 | G26: 64X3.000
A27: 9 | C27: KAS KARANG TARUNA | D27: 3000 | G27: 64X3.000
A28: 10 | C28: KAS PERANGKAT | D28: 28000 | G28: (28.000X7)+64.000
A29: 11 | C29: DANA PEMBANGUNAN | D29: 5000 | G29: 49X5.000
A30: 12 | C30: OPERASIONAL RT | F30: 250000 | G30: 250000
A31: 13 | C31: KAS UMUM | E31: =SUM(E19) -> 0 | F31: =SUM(F20:F30) -> 250000 | G31: =E31-F31 -> -250000
A32: Catatan : Total Kas Sosial 640.000 | C32: Total Rukem : 300.000
B33: - Anak Yatim : 100.000 | C33: '-Rukem : 300.000
B34: - Kas Sosial : 540.000 | C34: '-Ambulance : 60.000
B36: Dilaporkan Oleh | C36: Disusun Oleh | D36: Diketahui Oleh | F36: Disetujui Oleh
B37: Ketua Humas | C37: Sekretaris | D37: Bendahara | F37: Ketua RT.014
B41: UUD | C41: Ardi | D41: Rambat Iryanto | F41: Sujianto

Sheet DESEMBER
C3: LAPORAN KEUANGAN UMUM RT.014
C4: PERIODE DESEMBER 2026
A6: JUMLAH WARGA : 65 KK
A7: RUKEM :61 KK
A8: MUSLIM : 59 KK
A9: NON MUSLIM : 6 KK (2 IKUT RUKEM)
A11: NO | B11: NAMA HUMAS | C11: TANGGAL | D11: JUMLAH IURAN WAJIB
A12: 1 | B12: FAHRUL | C12: 46006
A13: 2 | B13: WAHONO | C13: 46006
A14: 3 | B14: UUD | C14: 46006
A15: 4 | B15: ANDI | C15: 46006
A16: TOTAL | D16: =SUM(D12:D15) -> 0
A18: NO | B18: TANGGAL | C18: TRANSAKSI | D18: JUMLAH IURAN | E18: MASUK | F18: KELUAR | G18: KETERANGAN
A19: 1 | B19: 46022 | C19: IURAN WAJIB WARGA | E19: =D16 -> 0
A20: 2 | C20: KEBERSIHAN & KEAMANAN | D20: 28000 | G20: 52X28.000
A21: 5 | C21: KAS AIR | D21: 30000 | G21: 65X30.000
A22: 4 | C22: KAS SOSIAL | D22: 10000 | G22: 65X10.000
A23: 3 | C23: RUKEM | D23: 5000 | G23: 61X5.000
A24: 6 | C24: KAS MT Al-MUSTAQIMIN | D24: 5000 | G24: 59X5.000
A25: 7 | C25: KAS MT NURUSHOLIHAH | D25: 5000 | G25: 59X5.000
A26: 8 | C26: KAS OLAHRAGA | D26: 3000 | G26: 65X3.000
A27: 9 | C27: KAS KARANG TARUNA | D27: 3000 | G27: 65X3.000
A28: 10 | C28: KAS PERANGKAT | D28: 28000 | G28: (28.000X7)+65.000
A29: 11 | C29: DANA PEMBANGUNAN | D29: 5000 | G29: 50X5.000
A30: 12 | C30: OPERASIONAL RT | G30: 250000
A31: 13 | C31: KAS UMUM | E31: =SUM(E19) -> 0 | F31: =SUM(F20:F30) -> 0 | G31: =E31-F31 -> 0
A32: Catatan : Total Kas Sosial 650.000 | C32: Total Rukem : 366.000
B33: - Anak Yatim : 100.000 | C33: '-Rukem : 306.000
B34: - Kas Sosial : 550.000 | C34: '-Ambulance : 60.000
B36: Dilaporkan Oleh | C36: Disusun Oleh | D36: Diketahui Oleh | F36: Disetujui Oleh
B37: Ketua Humas | C37: Sekretaris | D37: Bendahara | F37: Ketua RT.014
B41: UUD | C41: Ardi | D41: Rambat Iryanto | F41: Sujianto

Sheet PIVOT 2
E4: Column Labels
E5: MAY | G5: JUNE | I5: JULY | K5: AUGUST | M5: SEPTEMBER | O5: Total Sum of TOTAL PAX | P5: Total Sum of TOTAL PRICE
D6: Row Labels | E6: Sum of TOTAL PAX | F6: Sum of TOTAL PRICE | G6: Sum of TOTAL PAX | H6: Sum of TOTAL PRICE | I6: Sum of TOTAL PAX | J6: Sum of TOTAL PRICE | K6: Sum of TOTAL PAX | L6: Sum of TOTAL PRICE | M6: Sum of TOTAL PAX | N6: Sum of TOTAL PRICE
D7: BJB | I7: 27 | J7: 3510000 | K7: 62 | L7: 8060000 | M7: 29 | N7: 3770000 | O7: 118 | P7: 15340000
D8: DRAGON PASS | G8: 48 | H8: 7200000 | I8: 89 | J8: 13350000 | K8: 129 | L8: 19350000 | M8: 59 | N8: 8850000 | O8: 325 | P8: 48750000
D9: HSBC | I9: 57 | J9: 7410000 | K9: 236 | L9: 30680000 | M9: 168 | N9: 21840000 | O9: 461 | P9: 59930000
D10: OCBC | K10: 130 | L10: 16900000 | M10: 97 | N10: 12610000 | O10: 227 | P10: 29510000
D11: PRIOTIY PASS | K11: 1529 | L11: 198770000 | M11: 1109 | N11: 144170000 | O11: 2638 | P11: 342940000
D12: QRIS | E12: 323 | F12: 31977000 | G12: 705 | H12: 69795000 | I12: 488 | J12: 56586000 | K12: 528 | L12: 60658040 | M12: 244 | N12: 31720000 | O12: 2288 | P12: 250736040
D13: VIETJET | K13: 40 | L13: 4400000 | M13: 18 | N13: 1980000 | O13: 58 | P13: 6380000
D14: VIPROOM | K14: 7 | L14: 4500000 | M14: 5 | N14: 4000000 | O14: 12 | P14: 8500000
D15: WALK-IN | E15: 2124 | F15: 210276000 | G15: 3661 | H15: 362439000 | I15: 3286 | J15: 381846000 | K15: 2057 | L15: 237265300 | M15: 1408 | N15: 168230000 | O15: 12536 | P15: 1360056300
D16: Grand Total | E16: 2447 | F16: 242253000 | G16: 4414 | H16: 439434000 | I16: 3947 | J16: 462702000 | K16: 4718 | L16: 580583340 | M16: 3137 | N16: 397170000 | O16: 18663 | P16: 2122142340

Sheet PIVOT 3
D4: Column Labels
D5: MAY | F5: JUNE | H5: JULY | J5: AUGUST | L5: SEPTEMBER | N5: Total Sum of TOTAL PAX | O5: Total Sum of TOTAL PRICE
C6: Row Labels | D6: Sum of TOTAL PAX | E6: Sum of TOTAL PRICE | F6: Sum of TOTAL PAX | G6: Sum of TOTAL PRICE | H6: Sum of TOTAL PAX | I6: Sum of TOTAL PRICE | J6: Sum of TOTAL PAX | K6: Sum of TOTAL PRICE | L6: Sum of TOTAL PAX | M6: Sum of TOTAL PRICE
C7: BJB | H7: 27 | I7: 3510000 | J7: 62 | K7: 8060000 | L7: 33 | M7: 4290000 | N7: 122 | O7: 15860000
C8: DRAGON PASS | F8: 48 | G8: 7200000 | H8: 89 | I8: 13350000 | J8: 129 | K8: 19350000 | L8: 68 | M8: 10200000 | N8: 334 | O8: 50100000
C9: HSBC | H9: 57 | I9: 7410000 | J9: 236 | K9: 30680000 | L9: 185 | M9: 24050000 | N9: 478 | O9: 62140000
C10: OCBC | J10: 130 | K10: 16900000 | L10: 106 | M10: 13780000 | N10: 236 | O10: 30680000
C11: PRIOTIY PASS | J11: 1529 | K11: 198770000 | L11: 1214 | M11: 157820000 | N11: 2743 | O11: 356590000
C12: QRIS | D12: 323 | E12: 31977000 | F12: 705 | G12: 69795000 | H12: 488 | I12: 56586000 | J12: 528 | K12: 60658040 | L12: 266 | M12: 34580000 | N12: 2310 | O12: 253596040
C13: VIETJET | J13: 40 | K13: 4400000 | L13: 19 | M13: 2090000 | N13: 59 | O13: 6490000
C14: VIPROOM | J14: 7 | K14: 4500000 | L14: 5 | M14: 4000000 | N14: 12 | O14: 8500000
C15: WALK-IN | D15: 2124 | E15: 210276000 | F15: 3661 | G15: 362439000 | H15: 3286 | I15: 381846000 | J15: 2057 | K15: 237265300 | L15: 1543 | M15: 185780000 | N15: 12671 | O15: 1377606300
C16: Grand Total | D16: 2447 | E16: 242253000 | F16: 4414 | G16: 439434000 | H16: 3947 | I16: 462702000 | J16: 4718 | K16: 580583340 | L16: 3439 | M16: 436590000 | N16: 18965 | O16: 2161562340
